"site_id","site_parent_id","site_title","site_text","site_url","site_add","site_sub","site_move","site_header","n_header","n_keywords","n_description","hide","update_time"
"1","263","Книги","","books","1","1","1","Книги о музыке, композиторах, исполнителях","Книги о музыке: композиторы, исполнители, биографии, воспоминания","книги, музыка, биографии","Каталог книг о музыке: биографии и воспоминания музыкантов и композиторов, опера и джаз, переписки и энциклопедии | Купить книги по музыке в Арт-Транзит","0","1453300402"
"2","263","Ноты","","notes","1","1","2",,"Нотный интернет магазин | Купить ноты в Москве","купить ноты, ноты, интернет магазин нот, ноты в москве, нотный магазин","В нашем интернет магазине нот есть выбор для фортепиано, гитары, скрипки, ансамблей, духовых и др. Теперь Вы знаете, где в Москве купить ноты","0","1452605795"
"11","0","Социология и экономика культуры","­","management","1","1","10","Социология и экономика культуры","Социология и экономика культуры",,,"0","1469896404"
"14","43","Методическая литература","","methodical","1","1","1",,,,,"0","1472138945"
"23","2","Фортепианный ансамбль",,"ansamble","1","1","2",,,,,"0","1472141154"
"22","2","Фортепиано","","fortepiano","1","1","1","Ноты для фортепиано","Ноты для фортепиано купить| Сонаты, этюды, пособия в магазине Арт-Транзит","ноты, фортепиано, этюды, купить,  пианино, обучение","Всевозможные ноты сонат, пьес, этюдов для пианино | Издательский дом «Классика-XXI» | Купить ноты в интернет-магазине Арт-Транзит ","0","1468937718"
"41","1","Энциклопедии, словари, справочники",,"informational","1","1","5",,,,,"0","1472138914"
"43","263","Учебная и методическая литература",,"posobiya","1","1","3","Учебная и методическая литература","Методическая литература по фортепиано и другим инструментам | Пособия, книги, статьи для педагогов","музыка, учитель, литература","Методическая литература для учителей фортепиано, скрипки, вокала и других| Издательский дом «Классика-XXI» | Купить книги в интернет-магазине Арт-Транзит","0","1461939616"
"45","2","Клавиры",,"clavier","1","1","6",,,,,"0","1469532605"
"46","2","Хоровая музыка","","choir","1","1","14","Хоровая музыка","Хоровая музыка","хоровая музыка, хор",,"0","1472139783"
"47","2","Народные инструменты",,"folk_instruments","1","1","10",,,,,"0","1457006132"
"48","263","Наглядные и игровые пособия","­","naglyadnye","1","1","4","Наглядные и игровые пособия","Наглядные и игровые пособия","НАГЛЯДНЫЕ ПОСОБИЯ, МАТЕРИАЛЫ ДЛЯ СТЕНДОВ, КАРТОЧКИ, ИГРЫ, ИГРОВЫЕ ПОСОБИЯ, ПОСОБИЯ ПО МУЗЫКЕ, ПЛАКАТЫ, ПОРТРЕТЫ КОМПОЗИТОРОВ",,"0","1465198568"
"279","22","Хрестоматии","","collections","1","1","2","Хрестоматии","Хрестоматии","хрестоматии",,"0","1462893299"
"282","283","Рисование для детей","","children-painting","1","1","1","Рисование для детей","Рисование для детей","рисование, детский рисунок",,"0","1468946061"
"286","0","Библиотека директора школы","<!--[if gte mso 9]><xml> <o:OfficeDocumentSettings>  <o:AllowPNG/> </o:OfficeDocumentSettings></xml><![endif]--><p class=\"MsoNormal\">Рубрика <strong>&quot;Библиотекадиректора ДШИ/ДМШ&quot;</strong> создана специально для руководителей учебных заведений искусств<a href=\"http://www.classica21.ru\"><span lang=\"EN-US\"></span></a><span lang=\"EN-US\">.</span></p><p class=\"MsoNormal\">Здесь представлены популярные учебные пособия по темобластям знаний, без которых сегодня невозможно успешное управление учебнымзаведением: менеджмент, маркетинг, фандрейзинг, бюджетирование, управлениепроектами, навыки компьютерной грамотности и др.</p><p class=\"MsoNormal\">Сегодня довольно трудно найти качественные пособия в местныхкнижных магазинах. Понимая это, мы проанализировали огромное количество изданийи можем с уверенностью сказать, что отобрали самые доступные для освоенияпособия лучших российских издательств.</p><p class=\"MsoNormal\">Нам показалось интересным включить в этот раздел и те книги,которые рассказывают об успешных практиках не только в системе учрежденийкультуры, но и в секторе общего образования, и в творческих индустриях,описывают управленческие достижения в некоммерческом негосударственном секторе.</p><p class=\"MsoNormal\">Уверены, что такие книжки, как &quot;Школа будущего, построеннаявместе с детьми&quot; А. Тубельского &quot;Бюджетирование: шаг зашагом&quot;, &quot;Основы маркетинга&quot; Ф.Котлера и др.,<span style=\"background: none repeat scroll 0% 0% yellow;\"></span> раздвинут Ваши личныегоризонты и позволят вывести деятельность возглавляемых Вами школ на новуювысоту.</p><!--[if gte mso 9]><xml> <w:WordDocument>  <w:View>Normal</w:View>  <w:Zoom>0</w:Zoom>  <w:TrackMoves/>  <w:TrackFormatting/>  <w:PunctuationKerning/>  <w:ValidateAgainstSchemas/>  <w:SaveIfXMLInvalid>false</w:SaveIfXMLInvalid>  <w:IgnoreMixedContent>false</w:IgnoreMixedContent>  <w:AlwaysShowPlaceholderText>false</w:AlwaysShowPlaceholderText>  <w:DoNotPromoteQF/>  <w:LidThemeOther>RU</w:LidThemeOther>  <w:LidThemeAsian>X-NONE</w:LidThemeAsian>  <w:LidThemeComplexScript>X-NONE</w:LidThemeComplexScript>  <w:Compatibility>   <w:BreakWrappedTables/>   <w:SnapToGridInCell/>   <w:WrapTextWithPunct/>   <w:UseAsianBreakRules/>   <w:DontGrowAutofit/>   <w:SplitPgBreakAndParaMark/>   <w:EnableOpenTypeKerning/>   <w:DontFlipMirrorIndents/>   <w:OverrideTableStyleHps/>  </w:Compatibility>  <m:mathPr>   <m:mathFont m:val=\"Cambria Math\"/>   <m:brkBin m:val=\"before\"/>   <m:brkBinSub m:val=\"--\"/>   <m:smallFrac m:val=\"off\"/>   <m:dispDef/>   <m:lMargin m:val=\"0\"/>   <m:rMargin m:val=\"0\"/>   <m:defJc m:val=\"centerGroup\"/>   <m:wrapIndent m:val=\"1440\"/>   <m:intLim m:val=\"subSup\"/>   <m:naryLim m:val=\"undOvr\"/>  </m:mathPr></w:WordDocument></xml><![endif]--><!--[if gte mso 9]><xml> <w:LatentStyles DefLockedState=\"false\" DefUnhideWhenUsed=\"true\"  DefSemiHidden=\"true\" DefQFormat=\"false\" DefPriority=\"99\"  LatentStyleCount=\"267\">  <w:LsdException Locked=\"false\" Priority=\"0\" SemiHidden=\"false\"   UnhideWhenUsed=\"false\" QFormat=\"true\" Name=\"Normal\"/>  <w:LsdException Locked=\"false\" Priority=\"9\" SemiHidden=\"false\"   UnhideWhenUsed=\"false\" QFormat=\"true\" Name=\"heading 1\"/>  <w:LsdException Locked=\"false\" Priority=\"9\" QFormat=\"true\" Name=\"heading 2\"/>  <w:LsdException Locked=\"false\" Priority=\"9\" QFormat=\"true\" Name=\"heading 3\"/>  <w:LsdException Locked=\"false\" Priority=\"9\" QFormat=\"true\" Name=\"heading 4\"/>  <w:LsdException Locked=\"false\" Priority=\"9\" QFormat=\"true\" Name=\"heading 5\"/>  <w:LsdException Locked=\"false\" Priority=\"9\" QFormat=\"true\" Name=\"heading 6\"/>  <w:LsdException Locked=\"false\" Priority=\"9\" QFormat=\"true\" Name=\"heading 7\"/>  <w:LsdException Locked=\"false\" Priority=\"9\" QFormat=\"true\" Name=\"heading 8\"/>  <w:LsdException Locked=\"false\" Priority=\"9\" QFormat=\"true\" Name=\"heading 9\"/>  <w:LsdException Locked=\"false\" Priority=\"39\" Name=\"toc 1\"/>  <w:LsdException Locked=\"false\" Priority=\"39\" Name=\"toc 2\"/>  <w:LsdException Locked=\"false\" Priority=\"39\" Name=\"toc 3\"/>  <w:LsdException Locked=\"false\" Priority=\"39\" Name=\"toc 4\"/>  <w:LsdException Locked=\"false\" Priority=\"39\" Name=\"toc 5\"/>  <w:LsdException Locked=\"false\" Priority=\"39\" Name=\"toc 6\"/>  <w:LsdException Locked=\"false\" Priority=\"39\" Name=\"toc 7\"/>  <w:LsdException Locked=\"false\" Priority=\"39\" Name=\"toc 8\"/>  <w:LsdException Locked=\"false\" Priority=\"39\" Name=\"toc 9\"/>  <w:LsdException Locked=\"false\" Priority=\"35\" QFormat=\"true\" Name=\"caption\"/>  <w:LsdException Locked=\"false\" Priority=\"10\" SemiHidden=\"false\"   UnhideWhenUsed=\"false\" QFormat=\"true\" Name=\"Title\"/>  <w:LsdException Locked=\"false\" Priority=\"1\" Name=\"Default Paragraph Font\"/>  <w:LsdException Locked=\"false\" Priority=\"11\" SemiHidden=\"false\"   UnhideWhenUsed=\"false\" QFormat=\"true\" Name=\"Subtitle\"/>  <w:LsdException Locked=\"false\" Priority=\"22\" SemiHidden=\"false\"   UnhideWhenUsed=\"false\" QFormat=\"true\" Name=\"Strong\"/>  <w:LsdException Locked=\"false\" Priority=\"20\" SemiHidden=\"false\"   UnhideWhenUsed=\"false\" QFormat=\"true\" Name=\"Emphasis\"/>  <w:LsdException Locked=\"false\" Priority=\"59\" SemiHidden=\"false\"   UnhideWhenUsed=\"false\" Name=\"Table Grid\"/>  <w:LsdException Locked=\"false\" UnhideWhenUsed=\"false\" Name=\"Placeholder Text\"/>  <w:LsdException Locked=\"false\" Priority=\"1\" SemiHidden=\"false\"   UnhideWhenUsed=\"false\" QFormat=\"true\" Name=\"No Spacing\"/>  <w:LsdException Locked=\"false\" Priority=\"60\" SemiHidden=\"false\"   UnhideWhenUsed=\"false\" Name=\"Light Shading\"/>  <w:LsdException Locked=\"false\" Priority=\"61\" SemiHidden=\"false\"   UnhideWhenUsed=\"false\" Name=\"Light List\"/>  <w:LsdException Locked=\"false\" Priority=\"62\" SemiHidden=\"false\"   UnhideWhenUsed=\"false\" Name=\"Light Grid\"/>  <w:LsdException Locked=\"false\" Priority=\"63\" SemiHidden=\"false\"   UnhideWhenUsed=\"false\" Name=\"Medium Shading 1\"/>  <w:LsdException Locked=\"false\" Priority=\"64\" SemiHidden=\"false\"   UnhideWhenUsed=\"false\" Name=\"Medium Shading 2\"/>  <w:LsdException Locked=\"false\" Priority=\"65\" SemiHidden=\"false\"   UnhideWhenUsed=\"false\" Name=\"Medium List 1\"/>  <w:LsdException Locked=\"false\" Priority=\"66\" SemiHidden=\"false\"   UnhideWhenUsed=\"false\" Name=\"Medium List 2\"/>  <w:LsdException Locked=\"false\" Priority=\"67\" SemiHidden=\"false\"   UnhideWhenUsed=\"false\" Name=\"Medium Grid 1\"/>  <w:LsdException Locked=\"false\" Priority=\"68\" SemiHidden=\"false\"   UnhideWhenUsed=\"false\" Name=\"Medium Grid 2\"/>  <w:LsdException Locked=\"false\" Priority=\"69\" SemiHidden=\"false\"   UnhideWhenUsed=\"false\" Name=\"Medium Grid 3\"/>  <w:LsdException Locked=\"false\" Priority=\"70\" SemiHidden=\"false\"   UnhideWhenUsed=\"false\" Name=\"Dark List\"/>  <w:LsdException Locked=\"false\" Priority=\"71\" SemiHidden=\"false\"   UnhideWhenUsed=\"false\" Name=\"Colorful Shading\"/>  <w:LsdException Locked=\"false\" Priority=\"72\" SemiHidden=\"false\"   UnhideWhenUsed=\"false\" Name=\"Colorful List\"/>  <w:LsdException Locked=\"false\" Priority=\"73\" SemiHidden=\"false\"   UnhideWhenUsed=\"false\" Name=\"Colorful Grid\"/>  <w:LsdException Locked=\"false\" Priority=\"60\" SemiHidden=\"false\"   UnhideWhenUsed=\"false\" Name=\"Light Shading Accent 1\"/>  <w:LsdException Locked=\"false\" Priority=\"61\" SemiHidden=\"false\"   UnhideWhenUsed=\"false\" Name=\"Light List Accent 1\"/>  <w:LsdException Locked=\"false\" Priority=\"62\" SemiHidden=\"false\"   UnhideWhenUsed=\"false\" Name=\"Light Grid Accent 1\"/>  <w:LsdException Locked=\"false\" Priority=\"63\" SemiHidden=\"false\"   UnhideWhenUsed=\"false\" Name=\"Medium Shading 1 Accent 1\"/>  <w:LsdException Locked=\"false\" Priority=\"64\" SemiHidden=\"false\"   UnhideWhenUsed=\"false\" Name=\"Medium Shading 2 Accent 1\"/>  <w:LsdException Locked=\"false\" Priority=\"65\" SemiHidden=\"false\"   UnhideWhenUsed=\"false\" Name=\"Medium List 1 Accent 1\"/>  <w:LsdException Locked=\"false\" UnhideWhenUsed=\"false\" Name=\"Revision\"/>  <w:LsdException Locked=\"false\" Priority=\"34\" SemiHidden=\"false\"   UnhideWhenUsed=\"false\" QFormat=\"true\" Name=\"List Paragraph\"/>  <w:LsdException Locked=\"false\" Priority=\"29\" SemiHidden=\"false\"   UnhideWhenUsed=\"false\" QFormat=\"true\" Name=\"Quote\"/>  <w:LsdException Locked=\"false\" Priority=\"30\" SemiHidden=\"false\"   UnhideWhenUsed=\"false\" QFormat=\"true\" Name=\"Intense Quote\"/>  <w:LsdException Locked=\"false\" Priority=\"66\" SemiHidden=\"false\"   UnhideWhenUsed=\"false\" Name=\"Medium List 2 Accent 1\"/>  <w:LsdException Locked=\"false\" Priority=\"67\" SemiHidden=\"false\"   UnhideWhenUsed=\"false\" Name=\"Medium Grid 1 Accent 1\"/>  <w:LsdException Locked=\"false\" Priority=\"68\" SemiHidden=\"false\"   UnhideWhenUsed=\"false\" Name=\"Medium Grid 2 Accent 1\"/>  <w:LsdException Locked=\"false\" Priority=\"69\" SemiHidden=\"false\"   UnhideWhenUsed=\"false\" Name=\"Medium Grid 3 Accent 1\"/>  <w:LsdException Locked=\"false\" Priority=\"70\" SemiHidden=\"false\"   UnhideWhenUsed=\"false\" Name=\"Dark List Accent 1\"/>  <w:LsdException Locked=\"false\" Priority=\"71\" SemiHidden=\"false\"   UnhideWhenUsed=\"false\" Name=\"Colorful Shading Accent 1\"/>  <w:LsdException Locked=\"false\" Priority=\"72\" SemiHidden=\"false\"   UnhideWhenUsed=\"false\" Name=\"Colorful List Accent 1\"/>  <w:LsdException Locked=\"false\" Priority=\"73\" SemiHidden=\"false\"   UnhideWhenUsed=\"false\" Name=\"Colorful Grid Accent 1\"/>  <w:LsdException Locked=\"false\" Priority=\"60\" SemiHidden=\"false\"   UnhideWhenUsed=\"false\" Name=\"Light Shading Accent 2\"/>  <w:LsdException Locked=\"false\" Priority=\"61\" SemiHidden=\"false\"   UnhideWhenUsed=\"false\" Name=\"Light List Accent 2\"/>  <w:LsdException Locked=\"false\" Priority=\"62\" SemiHidden=\"false\"   UnhideWhenUsed=\"false\" Name=\"Light Grid Accent 2\"/>  <w:LsdException Locked=\"false\" Priority=\"63\" SemiHidden=\"false\"   UnhideWhenUsed=\"false\" Name=\"Medium Shading 1 Accent 2\"/>  <w:LsdException Locked=\"false\" Priority=\"64\" SemiHidden=\"false\"   UnhideWhenUsed=\"false\" Name=\"Medium Shading 2 Accent 2\"/>  <w:LsdException Locked=\"false\" Priority=\"65\" SemiHidden=\"false\"   UnhideWhenUsed=\"false\" Name=\"Medium List 1 Accent 2\"/>  <w:LsdException Locked=\"false\" Priority=\"66\" SemiHidden=\"false\"   UnhideWhenUsed=\"false\" Name=\"Medium List 2 Accent 2\"/>  <w:LsdException Locked=\"false\" Priority=\"67\" SemiHidden=\"false\"   UnhideWhenUsed=\"false\" Name=\"Medium Grid 1 Accent 2\"/>  <w:LsdException Locked=\"false\" Priority=\"68\" SemiHidden=\"false\"   UnhideWhenUsed=\"false\" Name=\"Medium Grid 2 Accent 2\"/>  <w:LsdException Locked=\"false\" Priority=\"69\" SemiHidden=\"false\"   UnhideWhenUsed=\"false\" Name=\"Medium Grid 3 Accent 2\"/>  <w:LsdException Locked=\"false\" Priority=\"70\" SemiHidden=\"false\"   UnhideWhenUsed=\"false\" Name=\"Dark List Accent 2\"/>  <w:LsdException Locked=\"false\" Priority=\"71\" SemiHidden=\"false\"   UnhideWhenUsed=\"false\" Name=\"Colorful Shading Accent 2\"/>  <w:LsdException Locked=\"false\" Priority=\"72\" SemiHidden=\"false\"   UnhideWhenUsed=\"false\" Name=\"Colorful List Accent 2\"/>  <w:LsdException Locked=\"false\" Priority=\"73\" SemiHidden=\"false\"   UnhideWhenUsed=\"false\" Name=\"Colorful Grid Accent 2\"/>  <w:LsdException Locked=\"false\" Priority=\"60\" SemiHidden=\"false\"   UnhideWhenUsed=\"false\" Name=\"Light Shading Accent 3\"/>  <w:LsdException Locked=\"false\" Priority=\"61\" SemiHidden=\"false\"   UnhideWhenUsed=\"false\" Name=\"Light List Accent 3\"/>  <w:LsdException Locked=\"false\" Priority=\"62\" SemiHidden=\"false\"   UnhideWhenUsed=\"false\" Name=\"Light Grid Accent 3\"/>  <w:LsdException Locked=\"false\" Priority=\"63\" SemiHidden=\"false\"   UnhideWhenUsed=\"false\" Name=\"Medium Shading 1 Accent 3\"/>  <w:LsdException Locked=\"false\" Priority=\"64\" SemiHidden=\"false\"   UnhideWhenUsed=\"false\" Name=\"Medium Shading 2 Accent 3\"/>  <w:LsdException Locked=\"false\" Priority=\"65\" SemiHidden=\"false\"   UnhideWhenUsed=\"false\" Name=\"Medium List 1 Accent 3\"/>  <w:LsdException Locked=\"false\" Priority=\"66\" SemiHidden=\"false\"   UnhideWhenUsed=\"false\" Name=\"Medium List 2 Accent 3\"/>  <w:LsdException Locked=\"false\" Priority=\"67\" SemiHidden=\"false\"   UnhideWhenUsed=\"false\" Name=\"Medium Grid 1 Accent 3\"/>  <w:LsdException Locked=\"false\" Priority=\"68\" SemiHidden=\"false\"   UnhideWhenUsed=\"false\" Name=\"Medium Grid 2 Accent 3\"/>  <w:LsdException Locked=\"false\" Priority=\"69\" SemiHidden=\"false\"   UnhideWhenUsed=\"false\" Name=\"Medium Grid 3 Accent 3\"/>  <w:LsdException Locked=\"false\" Priority=\"70\" SemiHidden=\"false\"   UnhideWhenUsed=\"false\" Name=\"Dark List Accent 3\"/>  <w:LsdException Locked=\"false\" Priority=\"71\" SemiHidden=\"false\"   UnhideWhenUsed=\"false\" Name=\"Colorful Shading Accent 3\"/>  <w:LsdException Locked=\"false\" Priority=\"72\" SemiHidden=\"false\"   UnhideWhenUsed=\"false\" Name=\"Colorful List Accent 3\"/>  <w:LsdException Locked=\"false\" Priority=\"73\" SemiHidden=\"false\"   UnhideWhenUsed=\"false\" Name=\"Colorful Grid Accent 3\"/>  <w:LsdException Locked=\"false\" Priority=\"60\" SemiHidden=\"false\"   UnhideWhenUsed=\"false\" Name=\"Light Shading Accent 4\"/>  <w:LsdException Locked=\"false\" Priority=\"61\" SemiHidden=\"false\"   UnhideWhenUsed=\"false\" Name=\"Light List Accent 4\"/>  <w:LsdException Locked=\"false\" Priority=\"62\" SemiHidden=\"false\"   UnhideWhenUsed=\"false\" Name=\"Light Grid Accent 4\"/>  <w:LsdException Locked=\"false\" Priority=\"63\" SemiHidden=\"false\"   UnhideWhenUsed=\"false\" Name=\"Medium Shading 1 Accent 4\"/>  <w:LsdException Locked=\"false\" Priority=\"64\" SemiHidden=\"false\"   UnhideWhenUsed=\"false\" Name=\"Medium Shading 2 Accent 4\"/>  <w:LsdException Locked=\"false\" Priority=\"65\" SemiHidden=\"false\"   UnhideWhenUsed=\"false\" Name=\"Medium List 1 Accent 4\"/>  <w:LsdException Locked=\"false\" Priority=\"66\" SemiHidden=\"false\"   UnhideWhenUsed=\"false\" Name=\"Medium List 2 Accent 4\"/>  <w:LsdException Locked=\"false\" Priority=\"67\" SemiHidden=\"false\"   UnhideWhenUsed=\"false\" Name=\"Medium Grid 1 Accent 4\"/>  <w:LsdException Locked=\"false\" Priority=\"68\" SemiHidden=\"false\"   UnhideWhenUsed=\"false\" Name=\"Medium Grid 2 Accent 4\"/>  <w:LsdException Locked=\"false\" Priority=\"69\" SemiHidden=\"false\"   UnhideWhenUsed=\"false\" Name=\"Medium Grid 3 Accent 4\"/>  <w:LsdException Locked=\"false\" Priority=\"70\" SemiHidden=\"false\"   UnhideWhenUsed=\"false\" Name=\"Dark List Accent 4\"/>  <w:LsdException Locked=\"false\" Priority=\"71\" SemiHidden=\"false\"   UnhideWhenUsed=\"false\" Name=\"Colorful Shading Accent 4\"/>  <w:LsdException Locked=\"false\" Priority=\"72\" SemiHidden=\"false\"   UnhideWhenUsed=\"false\" Name=\"Colorful List Accent 4\"/>  <w:LsdException Locked=\"false\" Priority=\"73\" SemiHidden=\"false\"   UnhideWhenUsed=\"false\" Name=\"Colorful Grid Accent 4\"/>  <w:LsdException Locked=\"false\" Priority=\"60\" SemiHidden=\"false\"   UnhideWhenUsed=\"false\" Name=\"Light Shading Accent 5\"/>  <w:LsdException Locked=\"false\" Priority=\"61\" SemiHidden=\"false\"   UnhideWhenUsed=\"false\" Name=\"Light List Accent 5\"/>  <w:LsdException Locked=\"false\" Priority=\"62\" SemiHidden=\"false\"   UnhideWhenUsed=\"false\" Name=\"Light Grid Accent 5\"/>  <w:LsdException Locked=\"false\" Priority=\"63\" SemiHidden=\"false\"   UnhideWhenUsed=\"false\" Name=\"Medium Shading 1 Accent 5\"/>  <w:LsdException Locked=\"false\" Priority=\"64\" SemiHidden=\"false\"   UnhideWhenUsed=\"false\" Name=\"Medium Shading 2 Accent 5\"/>  <w:LsdException Locked=\"false\" Priority=\"65\" SemiHidden=\"false\"   UnhideWhenUsed=\"false\" Name=\"Medium List 1 Accent 5\"/>  <w:LsdException Locked=\"false\" Priority=\"66\" SemiHidden=\"false\"   UnhideWhenUsed=\"false\" Name=\"Medium List 2 Accent 5\"/>  <w:LsdException Locked=\"false\" Priority=\"67\" SemiHidden=\"false\"   UnhideWhenUsed=\"false\" Name=\"Medium Grid 1 Accent 5\"/>  <w:LsdException Locked=\"false\" Priority=\"68\" SemiHidden=\"false\"   UnhideWhenUsed=\"false\" Name=\"Medium Grid 2 Accent 5\"/>  <w:LsdException Locked=\"false\" Priority=\"69\" SemiHidden=\"false\"   UnhideWhenUsed=\"false\" Name=\"Medium Grid 3 Accent 5\"/>  <w:LsdException Locked=\"false\" Priority=\"70\" SemiHidden=\"false\"   UnhideWhenUsed=\"false\" Name=\"Dark List Accent 5\"/>  <w:LsdException Locked=\"false\" Priority=\"71\" SemiHidden=\"false\"   UnhideWhenUsed=\"false\" Name=\"Colorful Shading Accent 5\"/>  <w:LsdException Locked=\"false\" Priority=\"72\" SemiHidden=\"false\"   UnhideWhenUsed=\"false\" Name=\"Colorful List Accent 5\"/>  <w:LsdException Locked=\"false\" Priority=\"73\" SemiHidden=\"false\"   UnhideWhenUsed=\"false\" Name=\"Colorful Grid Accent 5\"/>  <w:LsdException Locked=\"false\" Priority=\"60\" SemiHidden=\"false\"   UnhideWhenUsed=\"false\" Name=\"Light Shading Accent 6\"/>  <w:LsdException Locked=\"false\" Priority=\"61\" SemiHidden=\"false\"   UnhideWhenUsed=\"false\" Name=\"Light List Accent 6\"/>  <w:LsdException Locked=\"false\" Priority=\"62\" SemiHidden=\"false\"   UnhideWhenUsed=\"false\" Name=\"Light Grid Accent 6\"/>  <w:LsdException Locked=\"false\" Priority=\"63\" SemiHidden=\"false\"   UnhideWhenUsed=\"false\" Name=\"Medium Shading 1 Accent 6\"/>  <w:LsdException Locked=\"false\" Priority=\"64\" SemiHidden=\"false\"   UnhideWhenUsed=\"false\" Name=\"Medium Shading 2 Accent 6\"/>  <w:LsdException Locked=\"false\" Priority=\"65\" SemiHidden=\"false\"   UnhideWhenUsed=\"false\" Name=\"Medium List 1 Accent 6\"/>  <w:LsdException Locked=\"false\" Priority=\"66\" SemiHidden=\"false\"   UnhideWhenUsed=\"false\" Name=\"Medium List 2 Accent 6\"/>  <w:LsdException Locked=\"false\" Priority=\"67\" SemiHidden=\"false\"   UnhideWhenUsed=\"false\" Name=\"Medium Grid 1 Accent 6\"/>  <w:LsdException Locked=\"false\" Priority=\"68\" SemiHidden=\"false\"   UnhideWhenUsed=\"false\" Name=\"Medium Grid 2 Accent 6\"/>  <w:LsdException Locked=\"false\" Priority=\"69\" SemiHidden=\"false\"   UnhideWhenUsed=\"false\" Name=\"Medium Grid 3 Accent 6\"/>  <w:LsdException Locked=\"false\" Priority=\"70\" SemiHidden=\"false\"   UnhideWhenUsed=\"false\" Name=\"Dark List Accent 6\"/>  <w:LsdException Locked=\"false\" Priority=\"71\" SemiHidden=\"false\"   UnhideWhenUsed=\"false\" Name=\"Colorful Shading Accent 6\"/>  <w:LsdException Locked=\"false\" Priority=\"72\" SemiHidden=\"false\"   UnhideWhenUsed=\"false\" Name=\"Colorful List Accent 6\"/>  <w:LsdException Locked=\"false\" Priority=\"73\" SemiHidden=\"false\"   UnhideWhenUsed=\"false\" Name=\"Colorful Grid Accent 6\"/>  <w:LsdException Locked=\"false\" Priority=\"19\" SemiHidden=\"false\"   UnhideWhenUsed=\"false\" QFormat=\"true\" Name=\"Subtle Emphasis\"/>  <w:LsdException Locked=\"false\" Priority=\"21\" SemiHidden=\"false\"   UnhideWhenUsed=\"false\" QFormat=\"true\" Name=\"Intense Emphasis\"/>  <w:LsdException Locked=\"false\" Priority=\"31\" SemiHidden=\"false\"   UnhideWhenUsed=\"false\" QFormat=\"true\" Name=\"Subtle Reference\"/>  <w:LsdException Locked=\"false\" Priority=\"32\" SemiHidden=\"false\"   UnhideWhenUsed=\"false\" QFormat=\"true\" Name=\"Intense Reference\"/>  <w:LsdException Locked=\"false\" Priority=\"33\" SemiHidden=\"false\"   UnhideWhenUsed=\"false\" QFormat=\"true\" Name=\"Book Title\"/>  <w:LsdException Locked=\"false\" Priority=\"37\" Name=\"Bibliography\"/>  <w:LsdException Locked=\"false\" Priority=\"39\" QFormat=\"true\" Name=\"TOC Heading\"/> </w:LatentStyles></xml><![endif]--><!--[if gte mso 10]><style> /* Style Definitions */ table.MsoNormalTable	{mso-style-name:\"Обычная таблица\";	mso-tstyle-rowband-size:0;	mso-tstyle-colband-size:0;	mso-style-noshow:yes;	mso-style-priority:99;	mso-style-parent:\"\";	mso-padding-alt:0cm 5.4pt 0cm 5.4pt;	mso-para-margin-top:0cm;	mso-para-margin-right:0cm;	mso-para-margin-bottom:10.0pt;	mso-para-margin-left:0cm;	line-height:115%;	mso-pagination:widow-orphan;	font-size:11.0pt;	font-family:\"Calibri\",\"sans-serif\";	mso-ascii-font-family:Calibri;	mso-ascii-theme-font:minor-latin;	mso-hansi-font-family:Calibri;	mso-hansi-theme-font:minor-latin;	mso-fareast-language:EN-US;}</style><![endif]-->","headmaster","1","1","8","Библиотека директора школы","Библиотека директора школы",,,"0","1468842144"
"235","140","Арфа",,"arfa","1","1","1","Арфа",,,,"0","1469525494"
"63","2","Партитуры","","scores","1","1","7",,"Партитуры для симфонического оркестра | Купить в магазине Арт-Транзит","ноты, фортепиано, партитуры, оркестр","Каталог партитур для симфонических оркестров и не только| Издательский дом «Классика-XXI» | Купить карманные партитуры в интернет-магазине Арт-Транзит","0","1455532150"
"64","263","Подарочные издания",,"gifts","1","1","5",,,,,"0","0"
"180","177","Классическая музыка в формате MP3","","classmusMP3","1","1","1","Классическая музыка в формате MP3","Классическая музыка в формате MP3",,,"0","1462537768"
"187","177","Музыка Антона Батагова","  <p><font color=\"#000000\"><strong>Антон Батагов</strong>&nbsp;—&nbsp;известный композитор и пианист, лауреат международных конкурсов, один из ярких представителей русского минимализма. Родился 10 октября 1965 года в Москве. Закончил Московскую консерваторию.</font></p>  <p><font color=\"#000000\">В дискографии музыканта, насчитывающей на данный момент уже более 30 компакт-дисков, представлены сочинения различных жанров, а также записи классической и современной музыки. В его творчестве практически отсутствует граница между понятиями &quot;сочинение&quot; и &quot;исполнение&quot;, и любые пласты звуковой культуры — от древних ритуальных практик до рок/поп-культуры и виртуальных технологий — органично сплетаются в единое целое. Колокольный звон, дух народных песен и сурового пения староверов неразрывно связаны в сочинениях Батагова с отзвуками классического минимализма, моторным пульсом раннего советского авангарда и неувядающим рокерским драйвом. Работы Батагова получают неизменно высокую оценку российской и зарубежной критики. В 1997 году журнал &quot;Итоги&quot; назвал его <strong>&quot;одной из самых значимых и необычных фигур русской современной музыки&quot;</strong>. </font></p>  <p>Антон Батагов — автор музыки к нескольким фильмам.&nbsp; Он<font color=\"#000000\"> также является создателем музыкального оформления российских телеканалов (НТВ, РТР, Культура, Домашний и др.) — эти </font><font color=\"#000000\">работы отмечены российскими и международными премиями.</font></p>  <p><font color=\"#000000\">С 1989 по 1996 год А. Батагов был художественным руководителем ежегодного международного фестиваля современной музыки &quot;Альтернатива&quot;. С 1997 года принципиально отказался от концертных выступлений и работает в студии. </font><font color=\"#000000\">Духовной основой сочинений Батагова конца 90-х – 2000-х годов стала буддийская философия и практика.</font></p>","batagov","1","1","3","Музыка Антона Батагова",,,,"0","0"
"184","22","Джаз за фортепиано","","injazz","1","1","7",,,,,"0","1472141154"
"182","22","Пособия для начинающих пианистов","","my1notes","1","1","1",,,,,"0","1472134725"
"185","43","Ритмика",,"ritm","1","1","5",,,,,"0","1472137112"
"186","43","Слушание музыки",,"slushmus","1","1","6",,,,,"0","1472130157"
"66","0","Нотный развал","Описания и обложки для изданий в этом разделе будут постепенно добавляться, а пока их можно смотреть и добавлять в корзину в таком виде.­<br /><br />","soon","1","1","15","Нотный развал",,,,"1","1472483326"
"79","0","Сувенирная продукция",,"souvenir","1","1","13",,"Сувениры с музыкальной символикой, футболки, сумки","музыкальные сувениры, музыкальная символика, сувениры, футболки",,"0","0"
"309","43","Фольклор","","folk","1","1","15","Фольклор","Фольклор","Фольклор",,"0","1469533112"
"246","22","Репертуар училищ и вузов","","advanced","1","1","11","Репертуар училищ и вузов",,,,"0","1472141249"
"152","1","Книги о музыке","","music","1","1","1","Книги о музыке","Литература, посвященная классической музыке","книги о музыке, классическая музыка, букинистические книги, букинистические ноты, книги о музыкантах, издательство музыкальной литературы, классика-XXI, классика XXI, классика XXI век, менеджмент в сфере культуры, арт-менеджмент, методическая литература по музыке ","Продажа книг о музыке, композиторах","0","1472138501"
"155","43","Музыкальная литература","","muzlitra","1","1","4","Музыкальная литература","Методическая литература по фортепиано и другим инструментам | Пособия, книги, статьи для педагогов","учебник, музыка, учитель, литература","Методическая литература для учителей фортепиано, скрипки, вокала и других| Издательский дом «Классика-XXI» | Купить книги в интернет-магазине Арт-Транзит","0","1472131271"
"158","2","Камерный ансамбль","","chamber","1","1","4","Камерный ансамбль","Ноты для квартета в интернет-магазине Арт-Транзит","ансамбли, ноты, камерные, квартет","Репертуар камерного ансамбля | Издательский дом «Классика-XXI» | Купить ноты для квартетов, ансамблей","0","1471537491"
"287","47","Ансамбли русских народных инструментов","","folk-ensembles","1","1","5","Ансамбли русских народных инструментов","Народные партитуры для оркестра | Интернет магазин Арт-Транзит","Партитуры, ансамбли, народные, ноты","Ансамбли русских народных инструментов | Издательский дом «Классика-XXI» | Купить партитуры для народных оркестров в интернет-магазине Арт-Транзит","0","1459343145"
"288","43","Орф-педагогика","","orff","1","1","13","Орф-педагогика","Орф-педагогика","Орф-педагогика, орф, занятия с детьми",,"0","1469461486"
"290","275","Творчество для взрослых","","grownups","1","1","3","Творчество для взрослых","Творчество для взрослых","Творчество для взрослых",,"0","1449504819"
"321","66","Скан обложки",,"scan-cover","1","1","2","Скан обложки",,,,"0","1472141154"
"294","22","Этюды и упражнения","","etudes","1","1","3","Этюды и упражнения","Этюды и упражнения","этюды, упражнения, фортепиано",,"0","1472133633"
"295","22","Полифония","","polyphony","1","1","4","Полифония","Полифония","Полифония",,"0","1472140298"
"296","22","Сонаты, сонатины, вариации",,"sonates","1","1","5","Сонаты, сонатины, вариации","Сонаты, сонатины, вариации","Сонаты, сонатины, вариации",,"0","1472141181"
"297","22","Пьесы","","pieces","1","1","6","Пьесы","Пьесы","Пьесы",,"0","1472140396"
"82","79","Жанровые сценки в технике силуэта","","genre","1","1","1",,,,,"0","0"
"83","79","Музыкальные автографы",,"autograph","1","1","2",,,,,"0","0"
"84","79","Силуэты композиторов","  <p>&nbsp;</p>","silhouette","1","1","3",,,,,"0","0"
"87","82","Формат 10х15",,"small_format","1","1","1","жанровые сценки формата 10х15",,,,"0","0"
"88","84","Формат 10х15",,"small_siluet","1","1","1","Силуэты композиторов в формате 10х15",,,,"0","0"
"91","22","Домашнее музицирование","  <p><span>В настоящих изданиях собраны известные песни из отечественных кинофильмов и всеми любимых с детства музыкальных сказок. Простой фортепианный или гитарный аккомпанемент делает эти произведения доступными для исполнения непрофессионалами, а красочные иллюстрации доставят удовольствие детям, начинающим свое знакомство с миром музыки.</span></p>","dommuz","1","1","9","Ноты для домашнего музицирования","Популярная музыка и легкие пьесы для фортепиано ноты","популярные, ноты, пьесы, фортепиано","Ноты популярных композиций и легких в изучении пьес для фортепиано | Издательский дом «Классика-XXI» | Купить ноты популярных пьес для пианино","0","1472140735"
"177","263","Записи классической музыки на CD","","cdmusic","1","1","10",,,,,"0","1457609645"
"274","0","Психология в искусстве","","Psychologies","1","1","11","Психология в искусстве","Психология в искусстве",,,"0","1457533383"
"275","0","Декоративно-прикладное творчество","","home-art","1","1","4","Декоративно-прикладное творчество","Декоративно-прикладное творчество","Декоративно-прикладное творчество",,"0","1455891615"
"276","177","Великие пианисты","","pianists","1","1","2","Великие пианисты","Великие пианисты","ПИАНИСТЫ, ФОРТЕПИАНО, МУЗЫКА НА CD",,"0","0"
"154","43","Развитие музыкальных способностей","","razvitie","1","1","3","Развитие музыкальных способностей",,,,"0","1470861180"
"153","43","Сольфеджио. Учебники и рабочие тетради ",,"sofegio","1","1","3","Сольфеджио. Учебники и рабочие тетради ","Учебники по сольфеджио рабочие тетради купить в интернет-магазине Арт-Транзит","сольфеджио, учебник, рабочие тетради по сольфеджио","Учебник по сольфеджио, диктанты, задания для дмш и вузов | Издательский дом «Классика-XXI» | Купить учебник сольфеджио в магазине Арт-Транзит","0","1472130526"
"271","152","Книги о музыке для любителей","","fordummies","1","1","2","Книги о музыке для \"чайников\"","Книги о музыке для любителей","Книги о музыке для любителей",,"0","1472140186"
"272","264","Компьютер для художника","","computer+art","1","1","12","Компьютер для художника","Компьютер для художника",,,"0","1464962514"
"278","43","Пособия по вокалу","","vocal-books","1","1","12","Пособия по вокалу","Пособия по вокалу","ВОКАЛ, ПЕНИЕ",,"0","1472140381"
"300","248","Известные танцоры. Биографии, воспоминания","","dancers","1","1","4","Известные танцоры. Биографии, воспоминания","Известные танцоры. Биографии, воспоминания","танцоры",,"0","1471467922"
"269","248","Музыкальное сопровождение урока танца","","accompaniment","1","1","2","Музыкальное сопровождение урока танца","Музыкальное сопровождение урока танца",,,"0","1459499919"
"213","47","Балалайка","","balalayka","1","1","4",,,,,"0","1472138874"
"134","22","Пособия для концертмейстеров",,"konsertm","1","1","8","Пособия для концертмейстеров",,,,"0","1462801787"
"138","2","Синтезатор",,"sintezator","1","1","5","Ноты, пособия для синтезатора",,,,"0","1468946088"
"139","2","Скрипка","","violin","1","1","8","Ноты для скрипки","Ноты для скрипки купить в магазине Арт-Транзит | Младшие, средние и старшие классы ДМШ","ноты, скрипка, дмш, купить","Каталог нот для скрипки, в котором Вы найдете подходящие партии для своего уровня владения инструментом | Купить ноты в интернет-магазине Арт-Транзит","0","1472137288"
"140","2","Виолончель",,"violoncello","1","1","9","Ноты для виолончели",,,,"0","1472139747"
"141","2","Духовые инструменты",,"wind","1","1","11","Ноты для духовых инструментов",,,,"0","1472135843"
"142","141","Флейта",,"flute","1","1","1","Ноты для флейты",,,,"0","1472130606"
"143","141","Гобой",,"oboe","1","1","2","Ноты для гобоя",,,,"0","1454667896"
"144","141","Кларнет, саксофон",,"saxophone","1","1","3","Ноты для кларнета и саксофона",,,,"0","1472135813"
"145","2","Ударные инструменты",,"drums","1","1","12","Пособия по игре на ударных интрументах",,,,"0","1470044930"
"146","47","Гитара","","guitar","1","1","1","Гитара","Ноты для гитары купить в интернет-магазине Арт-Транзит","гитара, ноты, купить, испанская гитара, романсы","Ноты для гитары для начинающих| Издательский дом «Классика-XXI» | Романсы, классика и испанская гитара в интернет-магазине Арт-Транзит","0","1472138348"
"163","47","Домра",,"domra","1","1","3","Домра",,,,"0","1472135415"
"147","47","Аккордеон, баян",,"accordion","1","1","2","Ноты для аккордеона, баяна",,,,"0","1472138802"
"148","2","Вокал",,"vocal","1","1","13","Вокальные ноты",,,,"0","1472140361"
"267","1","Книги о музыкантах","","musicians","1","1","3","Книги о музыкантах",,,,"0","1472140457"
"188","177","Музыка Владимира Мартынова",,"MartynovCD","1","1","4","Музыка Владимира Мартынова",,,,"0","0"
"248","0","Хореография","","Choreography","1","1","5","Хореография","Хореография","Хореография, танец, пособия по хореографии",,"0","1467023068"
"256","0","История искусств. Эстетика. Культурология","<div><span style=\"line-height: 18.4px;\"><strong>История искусств – книги, открывающие мир</strong><br><br></span></div><div><span style=\"line-height: 18.4px;\">В стремлении познать мир, уловить малейшие его оттенки, постигнуть незыблемые основы бытия мы обращаемся к главному источнику мудрости – книгам. История искусств, культурология, эстетика – это настоящий ключ к изучению современных процессов и ценностей. Именно искусство помогает нам проникать в суть вещей, понимать их природу и находить важные взаимосвязи.&nbsp;</span></div><div><p><span style=\"line-height: 18.4px;\">Несколько веков назад, когда еще не существовало такого понятия, как собственно история искусств, книги по этому предмету являлись жизнеописаниями известных художников. Сегодня на нашем сайте вы найдете десятки учебных пособий и уникальных монографий по истории искусства, позволяющих увидеть привычные вещи с неожиданных сторон.</span></p><p><span style=\"line-height: 18.4px;\"><strong>Книги для ценителей прекрасного</strong></span></p></div><div><p><span style=\"line-height: 18.4px;\">Будь то эстетика или культурология – книги найдутся на любой вкус. В нашем ассортименте представлены:</span></p><p><span style=\"line-height: 18.4px;\">•</span><span class=\"Apple-tab-span\" style=\"line-height: 18.4px; white-space: pre;\">	</span><span style=\"line-height: 18.4px;\">Самые востребованные и популярные в разделе «История искусств» книги. Здесь вы сможете приобрести культовые работы Алексея Лосева и Сьюзен Сонтаг, купить основополагающую «Гармонику» Клавдия Птолемея или подобрать свежие материалы по теме.</span></p></div><div><p><span style=\"line-height: 18.4px;\">•<span class=\"Apple-tab-span\" style=\"white-space:pre\">	</span>Интригующие новинки и редкие букинистические экземпляры. Если в центре вашего внимания возникла неожиданная культурологическая тема или вас привлекает авторский взгляд на проблему зарождения и развития эстетики, книги, представленные на сайте, позволят в полной мере удовлетворить любопытство.</span></p><p><span style=\"line-height: 18.4px;\">•</span><span class=\"Apple-tab-span\" style=\"line-height: 18.4px; white-space: pre;\">	</span><span style=\"line-height: 18.4px;\">Книги по истории пластических, динамических и пространственно-временных искусств. Classica21.ru – это настоящий кладезь информации о живописи, хореографии, музыке и других видах искусства.</span></p></div><div><span style=\"line-height: 18.4px;\">•<span class=\"Apple-tab-span\" style=\"white-space:pre\">	</span>Книги по культурологии и истории искусств, наиболее полно описывающие различные эпохи, стили и направления творчества. Вы узнаете о ключевых принципах классических и современных стилей в искусстве.</span></div>","culturology","1","1","9","История искусств","Учебники по истории искусств, книги по культурологии и эстетике","культурология, эстетика, история искусств, учебники, мхк, книги культурология, книги эстетка","Каталог книг: культурология, эстетика, история искусств | Купить учебники для школ и вузов по истории искусств, мхк, эстетике и культурологии","0","1471605445"
"257","1","Книги о музыке на иностранных языках","","foreigneditions","1","1","8","books on music other languages",,,,"0","1471468175"
"258","43","Инструментоведение","","orchestration","1","1","11","Инструментоведение","Инструментоведение","Инструментоведение","Инструментоведение","0","1469458828"
"242","22","Концерты для фортепиано с оркестром","","fporchestra","1","1","10","Концерты для фортепиано с оркестром","Концерты для фортепиано с оркестром","Концерты для фортепиано с оркестром","Концерты для фортепиано с оркестром","0","1472133209"
"243","139","Концерты для скрипки с оркестром","","violinorchestra","1","1","1","Концерты для скрипки с оркестром","Концерты для скрипки с оркестром","Концерты для скрипки с оркестром","Концерты для скрипки с оркестром","0","1468936808"
"247","139","Альт","",,"1","1","2",,,,,"0","1456335115"
"302","22","Настройка и ремонт фортепиано","","pianorepair","1","1","12","remont fortepiano",,,,"0","1458141487"
"303","22","Подбор по слуху, чтение с листа","","sight-reading","1","1","13","Подбор по слуху, чтение с листа","Подбор по слуху, чтение с листа",,,"0","1459434374"
"304","146","Гитарные ансамбли","","guitar_ensembles","1","1","1","Гитарные ансамбли",,,,"0","1472138848"
"305","146","Школы игры, самоучители","","guitar_schools","1","1","2",,,,,"0","1470861767"
"306","2","Песни для детей","","songs-for-children","1","1","15","Песни для детей","Песни для детей","песни для детей, детские песни",,"0","1470044778"
"191","0","Букинистика","<p>Дорогие друзья и коллеги! В нашем музыкальном магазине на «Серпуховской» работает букинистическийотдел!</p><p>Наличие изданий уточняйте по телефонам магазина. </p><p>Примем на реализацию или купим у вас ноты, учебные пособия, книги о музыке! Звоните или присылайте списки перед тем, как принести нам издания.</p><p>Справки по телеф­онам: </p><p>+7(499)235-73-22; +7(919)­108-10-25</p><p>e-mail: info&lt;собака&gt;classica21.ru</p><p>­</p><p>Все букинистические издания рассортированы по рубрикам на нашем сайте. <br /></p>","buka","1","1","14","buka","букинистика, букинистические книги о музыке, букинистические книги, букинистические ноты, старые ноты","букинистика, букинистические книги о музыке, букинистические книги, букинистические ноты, старые ноты","букинистика, букинистические книги о музыке, букинистические книги, букинистические ноты, старые ноты","1","1465403110"
"298","248","Учебные и методические пособия","","manuals","1","1","1","Учебные и методические пособия","Учебные и методические пособия","пособия по танцу, хореография",,"0","1472139765"
"299","248","Книги по истории танца","","history","1","1","3","Книги по истории танца","Книги по истории танца","история танца",,"0","1468418330"
"214","43","История музыки","","historymusic","1","1","8","История музыки",,,,"0","1472140244"
"215","1","Книги о композиторах","","monographs","1","1","2","Книги о композиторах","Книги о композиторах | Интернет-магазин Арт-Транзит","монографии, композиторы, книги, купить","Каталог книг про великих композиторов от от издательского дома «Классика-XXI». Купить монографии о композиторах","0","1472140471"
"216","43","Анализ и полифония","","polyphony","1","1","9","Анализ и полифония",,,,"0","1469794386"
"202","263","Оперы на DVD",,"operas","1","1","11","Оперы на DVD",,,,"0","1452701980"
"203","263","Концерты выдающихся исполнителей на DVD","­","concertsDVD","1","1","9","Концерты выдающихся исполнителей на DVD",,,,"0","1462371818"
"307","139","Скрипичные ансамбли","","violinensembles","1","1","3","Скрипичные ансамбли",,,,"0","1456918531"
"308","1","Научная литература","","musicology","1","1","4","Научная литература",,,,"0","1472132591"
"310","264","Наглядные пособия","","posters","1","1","9","Наглядные пособия","Наглядные пособия","Наглядные пособия",,"0","0"
"311","0","Наглядные пособия","","tables","1","1","2","Наглядные пособия","Наглядные пособия",,,"0","1459166027"
"204","263","Балеты на DVD",,"balletsDVD","1","1","12","Балеты на DVD",,,,"0","1465482833"
"263","0","Музыка","","music","1","1","1","Музыка","Музыкальный магазин в Москве | Книги, ноты, cd и dvd-диски","учебники для музыкальных школ, музыкальная литература, сольфеджио, купить ноты, купить книги по музыке, ноты фортепиано, ноты скрипка, теория музыки, книги о композиторах","В нашем музыкальном магазине Вы найдете любую литературу по музыке: учебники, ноты, сольфеджио, пособия, нотные тетради, а также диски с записями концертов, оперы, балета","0","1461940970"
"264","0","Изобразительное  искусство","","art","1","1","3","Изобразительное  искусство",,,,"0","1457533126"
"265","0","CD/DVD","","cd_dvd","1","1","12","CD/DVD",,,,"1","1456744418"
"193","43","Занятия музыкой с дошкольниками ",,"kindergarten","1","1","2",,,,,"0","1472132548"
"200","177","Аудио и видеоиздания МССМШ им. Гнесиных  ","","MSSMSH","1","1","5",,,,,"0","0"
"206","263","Электронные энциклопедии","","encik","1","1","13",,,,,"0","1462539699"
"211","43","Теория музыки. Гармония","","teoria","1","1","7","Теория музыки. Гармония","Теория музыки, гармония",,,"0","1469525689"
"212","263","Компьютер для музыканта","Раздел посвящен учебным пособиям о наиболее известных компьютерных программах, которые могут быть использованы в качестве современных средств обучения в музыкальной школе или в школе искусств. С их помощью любой педагог, будучи даже неискушенным компьютерным пользователем, сможет научиться сам и научить ученика работать с аудио-файлами, записывать, редактировать их, подключать эффекты, микшировать и создавать диски с собственной записанной музыкой. Практически к каждому учебнику прилагается диск с иллюстрациями процесса записи и обработки звука, бесплатными программами, примерами композиций, статьями об использовании компьютера в музыкальном творчестве.","computer+music","1","1","6","Компьютер для музыканта","Компьютер для музыканта",,,"0","1464620075"
"277","152","Книги о музыке для детей","","children","1","1","3","Книги о музыке для детей","Книги о музыке для детей","КНИГИ О МУЗЫКЕ, ДЕТСКИЕ КНИГИ, КНИГИ ДЛЯ ДЕТЕЙ",,"0","1469896570"
"219","1","О джазе и джазовых музыкантах","","thejazz","1","1","6","О джазе и джазовых музыкантах",,,,"0","1463744832"
"220","1","Литература по оперному искусству","","literatureopera","1","1","7","Литература по оперному искусству",,,,"0","1472140381"
"222","14","Учебные программы для ДМШ и ДШИ","","programs","1","1","6","Учебные программы для ДМШ и ДШИ",,,,"0","1472130178"
"229","45","Оперы","","opera","1","1","1","opera",,,,"0","1472133119"
"230","45","Балеты","","ballet","1","1","2","ballet",,,,"0","1472140720"
"273","263","Дневники и нотные тетради","","copybooks","1","1","7","copybooks","Нотную тетрадь купить | Издательский дом «Классика-XXI»","Нотные тетради, Нотные тетради купить, дневников для ДМШ, Тетрадь для нот","Каталог нотных тетрадей, дневников и партитурных тетрадей | У нас Вы сможете недорого купить нотную тетрадь в Москве","0","1471727320"
"270","43","История и теория исполнительских искусств","","performarts","1","1","1","история и теория исполнительства","История и теория исполнительских искусств",,,"0","1472138898"
"233","43","Другие учебники для творческих вузов","","vuz","1","1","10","vuz","учебники для творческих  вузов","учебники для творческих вузов","учебники для творческих вузов","0","1469525689"
"234","1","Воспоминания, переписка","","memoirs","1","1","4","Письма и воспоминания музыкантов и композиторов","Письма и воспоминания музыкантов и композиторов",,,"0","1472140457"
"262","0","Архитектура","","architecture","1","1","6","Архитектура","Архитектура","АРХИТЕКТУРА",,"0","1454491606"
"241","263","CD для занятий с детьми",,"children-cd","1","1","8",,,,,"0","1464888249"
"238","264","Пособия по рисунку и живописи","","drawing","1","1","6","Пособия по рисунку и живописи","Учебник по рисованию | Пособия по рисунку и живописи | Арт-Транзит","учебник по рисованию, пособия по рисунку, учбник по рисунку, самоучитель по рисованию,  изо, учебник изо, пособие по рисованию","Каталог учебников и пособий по рисованию для детей и взрослых от издательского дома «Классика-XXI» | Купить самоучители по рисованию | Учебная литература по рисованию по низким ценам","0","1468842115"
"283","264","Изобразительное искусство для детей","","children-art","1","1","11","Изобразительное искусство для детей","Изобразительное искусство для детей","Изобразительное искусство для детей",,"0","1461923059"
"284","283","Книги по искусству для детей","","children-about-art","1","1","1","Книги по искусству для детей","Книги по искусству для детей","Книги по искусству для детей",,"0","1461923059"
"285","264","Книги об искусстве","","books-about-art","1","1","5","Книги об искусстве","Книги об искусстве","Книги об искусстве",,"0","1468943347"
"239","275","Детское творчество","Предлагаемые в этом разделе книги помогут наполнить уроки художественного творчества новым содержанием. Преподаватели дошкольного профиля найдут здесь массу замечательных идей для работы с малышами в подготовительных группах, а школьные учителя ИЗО расширят свои познания в области методики преподавания, сделают занятия более яркими и увлекательными. К некоторым книгам прилагаются диски с видеокурсами уроков и практическими советами профессионалов.","tvorchestvo","1","1","2","Детское творчество","Детское творчество","детское творчество, прикладное творчество, поделки, хендмейд","детское творчество, прикладное творчество, поделки, хендмейд","0","1461923059"
"289","275","Творчество для самых маленьких","","babies-art","1","1","1","Творчество для самых маленьких","Творчество для самых маленьких","детское творчество",,"0","1455550569"
"266","0","Новое образование","","education","1","1","7","Новое образование","Новое образование",,,"0","1468842144"
"301","43","Литература по дирижированию","","conductors","1","1","14","Литература по дирижированию","Литература по дирижированию","дирижирование, дирижер",,"0","1469896581"
"322","66","Скан содержания",,"scan-content","1","1","3","Скан содержания",,,,"0","1472141154"
"318","317"," скан содержание",,"ScanIndex","1","1","1",,,,,"0","0"
"312","63","Партитуры для симфонического оркестра","","symphony-orchestra","1","1","1","Партитуры для симфонического оркестра","Партитуры для симфонического оркестра",,,"0","1468948273"
"313","63","Партитуры для оркестра народных инструментов","","folk-orchestra","1","1","2","Партитуры для оркестра народных инструментов","Партитуры для оркестра народных инструментов",,,"0","1458141307"
"314","63","Партитуры для духового оркестра","","wind-orchestra","1","1","3","Партитуры для духового оркестра","Партитуры для духового оркестра",,,"0","1469896581"
"324","63","Произведения для хора и оркестра",,"chorchestra","1","1","4",,,,,"0","1472133181"
"315","2","Орган",,"organ","1","1","3","Орган","Орган",,,"0","1472139783"
"316","293"," Тексты",,"texts","1","1","1",,,,,"0","1472140457"
"293","292"," В первую очередь",,"obrab1st","1","1","1",,,,,"0","1469525750"
"292","66"," Обработанное",,"done","1","1","1",,,,,"0","1471863361"
